"KEY","ENGLISH","FRENCH","SPANISH"
"common.alert.addcasenotes.fail","Failed to add {0} note!","Ajout de note {0} non effectué","¡Error al agregar nota  '{0}'!"
"common.alert.addcasenotes.success","Add note successfully!","Ajout de note faite avec succès","¡La nota se añadió con éxito!"
"common.alert.chngpasswd.fail","Change password failed!","Changement du code d'accès non effectué!","¡Error al cambiar contraseña!"
"common.alert.chngpasswd.success","Change password successfully!","Changement de code d'accès exécuté avec succés!","¡Contraseña cambiada exitosamente!"
"common.alert.createcase.fail","Create new case failed!","Ouverture de cas non effectuée","¡Error al crear caso!"
"common.alert.createcase.success","Create new case successfully!","Création de cas effectué avec succès","¡Caso creado exitosamente!"
"common.alert.fireuserfinder.fail","FAIL","ÉCHEC","ERROR"
"common.alert.fireuserfinder.success","SUCCESS","SUCCÈS","ÉXITO"
"common.alert.noanswer","This indicator has not been answered!","L'indicateur n'a pas été indiqué !","¡Este indicador no ha sido contestado!"
"common.alert.nomessage","Please enter the message","Veuillez introduire le message","Por favor ingresa el mensaje"
"common.alert.noreceiver","Please specify the receiver","Veuillez indiquer le nom du recepteur","Por favor especifica el destinatario"
"common.alert.nosubject","Please enter the subject","Veuillez introduire le thème du travail","Por favor ingresa el asunto"
"common.alert.surveyanswer.fail","Only English is supported in this version!","Cette version n'accepte que l'anglais !","¡Sólo se admite inglés en esta versión!"
"common.alert.surveyanswer.success","Thank you for your answer!","Merci pour votre réponse !","¡Gracias por responder!"
"common.alert.task.done","You have completed this assignment. Thank you!","Vous avez terminé la tâche assignée. Merci.","Has completado esta tarea. ¡Gracias!"
"common.alert.task.save","Notebook Saved!","Notebook sauvegardé!","¡Cuaderno guardado!"
"common.alert.upcatecase.fail","Update case failed!","Mise à jour de l'affaire non réalisée","¡Error al actualizar caso!"
"common.alert.upcatecase.success","Update case successfully!","Affaire mise à jour avec succès","¡Caso actualizado con éxito!"
"common.alert.invalidresponse","Invalid response!",,
"common.alt.answer","Answer","Réponse","Responder"
"common.alt.completed","completed","terminé","se ha completado"
"common.alt.historychart","history chart","tableau historique","tabla histórica"
"common.alt.inprogress","in progress","travail en cours","en proceso"
"common.alt.noticed","noticed","Pris en compte","enterado"
"common.alt.notstarted","not started","non commencé","no se ha  iniciado"
"common.alt.signedin","signed in","enregistré","registrado"
"common.alt.viewcontent","view content","vue du contenu","ver contenido"
"common.boolean.no","No","Non","No"
"common.boolean.yes","Yes","Oui","Sí"
"common.btn.add","Add","Ajout","Agregar"
"common.btn.addcomment","Add Comment","Ajoutez un commenatire","Agregar comentario"
"common.btn.apply","Apply","Appliquer","Aplicar"
"common.btn.browse","Browse","Sélectionnez un fichier","Navegue por la web"
"common.btn.cancel","Cancel","Éliminer ","Cancelar"
"common.btn.resolve","Resolve",,
"common.btn.completeAssignment","Complete Assignment",,"Completar asignatura"
"common.btn.copydeeplink","Copy Deep Link","Copier la liaison ","Copiar enlace profundo"
"common.btn.delete","delete",,"borrar"
"common.btn.done","Done","Réalisé","Hecho"
"common.btn.donesubmit","I'm Done - Submit","J'ai terminé - Je remets le travail","Terminé - enviar"
"common.btn.edit","Edit","Edition","Editar"
"common.btn.editdeadline","Edit Deadline","Délai de remise de l'édition","Editar fecha límite"
"common.btn.editdisabled","Editing Disabled","Édition non activée","Edición deshabilitada"
"common.btn.forward","Forward",,"Reenviar"
"common.btn.havequestions","I Have Questions","J'ai des questions à poser","Tengo preguntas"
"common.btn.ok","OK","OK","OK"
"common.btn.origanswer","Original Answer","Réponse iniciale","Respuesta original"
"common.btn.preview","Preview","Prévisualisation ","Vista previa"
"common.btn.publish","PUBLISH","PUBLIER","PUBLICAR"
"common.btn.publishthis","PUBLISH THIS","PUBLIER CECI","PUBLICAR ESTO"
"common.btn.refresh","Refresh",,"Refrescar"
"common.btn.report","Report",,
"common.btn.reset","Reset","Réinitialisation","Reiniciar"
"common.btn.save","Save","Sauvegarder","Guardar"
"common.btn.saved","Saved","sauvegardé","Guardado"
"common.btn.saveindicator","Save This Indicator","Sauvegarder cet indicateur ","Guardar este indicador"
"common.btn.sendFeedback","Send Feedback",,"Enviar retroalimentación"
"common.btn.sendmsg","Send Message","Envoyez le message","Enviar mensaje"
"common.btn.sendQuestions","Send Questions",,"Enviar preguntas"
"common.btn.submit","Submit","Remise de travail","Enviar"
"common.btn.submitindicators","Submit Indicators","Remettre des indicateurs","Enviar indicadores"
"common.btn.undelete","undelete",,"no borrar"
"common.btn.view","View","Visionner","Ver"
"common.choice.all","All","Selectionner le tout","Todos"
"common.choice.exclude","Exclude Selected","Exclusion selectionnée","Excluir selección"
"common.choice.include","Include Selected","Inclusion selectionnée","Incluir selección "
"common.choice.notoverdue","Not Overdue","Non exigible","Sin retraso"
"common.choice.onlyselected","Only Selected","Uniquement sélectionné","Sólo seleccionados"
"common.choice.overdue","Overdue","Exigible","Atrasado"
"common.err.attachment.missed","The attached file is missing from the data store. Please contact system administrator!","Le fichier joint a disparu de la mémoire de données. Veuillez contacter l'administrateur du système!","No se encuentra el archivo adjunto en la base de datos. Por favor ponte en contacto con el administrador del sistema."
"common.err.badparam","Invalid parameters!","Paramètres non valides","¡Parámetros inválidos!"
"common.err.badparam.section","Bad parameter section!","Section erronée de paramètre !","¡Sección de parámetros inválidos!"
"common.err.badparam.source","Bad parameter source!","Source erronée de paramètre  !","¡Fuente de parámetros inválida!"
"common.err.data.notexisted","{0} does not exist: {1}!","{0}: n'existe pas {1} !","¡{0} no existe: {1}!"
"common.err.exceed.max.filesize","Exceeds max file size. Note, the permitted max file size is 30M!","Fichier au-delà de la limite maximale. Remarque: le volume maximal permis d'un fichier est de 30M","Excede el tamaño máximo de archivos. Nota: ¡el tamaño máximo permitido es 30 M!"
"common.err.internal.server","Internal server error/exception occurs. Please contact your administrator!","Erreur du serveur interne / Il se produit une exclusion. Veuillez contacter votre administrateur  ","Ha ocurrido una excepción o un error interno en el servidor. Por favor ponte en contacto con el administrador del sistema."
"common.err.invalid.answer.value","Invalid answer value!","Valeur de réponse indéterminée !","¡Valor de respuesta inválido!"
"common.err.invalid.parameter","Invalid request: parameter ""{0}"" is not specified!","Requête non determinée: ""{0}"" n'est pas spécifié !","Solicitud inválida: ¡no se ha especificado el parámetro ""{0}""!"
"common.err.invalid.parameter.unrecongnized","Invalid parameter: ""{0}"" is unrecongnized!","Paramètre invalide: ""{0}"" n'est pas reconnu !","Parámetro inválido: ¡no se reconoce ""{0}""!"
"common.err.invalid.user","Log in failed!","Ouverture de session avortée","¡Error al ingresar!"
"common.err.invaliduser","Invalid username!","Nom d'utilisateur non valide","¡Nombre de usuario inválido!"
"common.err.must_choose_product","Please choose a product",,"Haga clic para elegir producto"
"common.err.notfind.answer","Can not find survey answer!","Impossible de trouver de réponses au sondage !","¡No encuentro la respuesta a la encuesta!"
"common.err.notfind.ref","Can not find reference!","Impossible de trouver les références !","¡No puedo encontrar las referencias!"
"common.err.notfind.surveyindicator","Can not find survey indicator!","Impossible de trouver l'indicateur du sondage !","¡No puedo encontrar los indicadores de la encuesta!"
"common.err.notfindcountry","Cannot get country name!","Impossible d'obtenir le nom du pays","¡No se encuentra el nombre del país!"
"common.err.notfindquestion","Cannot find survey question!","Impossible de trouver la question du sondage !","¡No se encuentra la pregunta de la encuesta!"
"common.err.nocomment","Please enter comment!",,
"common.filter.clickclose","click to close filter",,"Haz clic para cerrar el filtro"
"common.filter.clickopen","click to open filter",,"Haz clic para abrir el filtro"
"common.js.alert.answerleft","You have {0} answers left which have not been reviewed!","Il vous reste {0} réponses qui n'ont pas été révisées","¡Tienes {0} respuestas sin revisar!"
"common.js.alert.askinputsource","Please input source information!","Veuillez citer la source de votre information ! ","¡Por favor ingresa una fuente de información!"
"common.js.alert.askopinions","Please provide your opinions!","Veuillez donner votre opinion !","¡Por favor envía tus opiniones!"
"common.js.alert.askscoreoption","Please choose a score option!","Veuillez choisir une option de qualification ! ","¡Por favor escoge una opción de calificación!"
"common.js.alert.asksoucedesc","Please input source description!","Veuillez citer la description de votre source d'information ","¡Por favor ingresa una descripción de la fuente!"
"common.js.alert.attachdesc","Are you sure you don't want to specify the description for the attached file {0}?","Êtes-vous sûr de ne pas vouloir spécifier la description du ficher envoyé en pièce jointe {0} ?","¿Estás seguro de que no deseas especificar la descripción del archivo que adjuntaste {0}?"
"common.js.alert.attachduplicated","{0} has already been uploaded","{0} a déjà été téléchargé en amont ","Hasta ahora {0} han sido subidos "
"common.js.alert.attachfail","Fail to add attachment file {0}.","Fichier en pièce jointe non envoyé {0}","Error al adjuntar archivo {0}."
"common.js.alert.attachfile","You MUST specify an attached file!","Il est obligatoire de spécifier un fichier envoyé en pièce jointe !","¡Debes especificar un archivo adjunto!"
"common.js.alert.choicesource","Please choose a source!","Veuillez selectionner une source d'information !","¡Por favor ingresa una fuente!"
"common.js.alert.comments","Please enter your comments!","Veuillez introduire vos commentaires","¡Por favor ingresa tus comentarios!"
"common.js.alert.confirmpasswdempty","Confirm password cannot be empty!","La case de confirmation du code d'accès doit être obligatoirement remplie !","¡Confirmar nueva contraseña; no puede quedar vacía!"
"common.js.alert.curpasswdempty","Current password cannot be empty!","La case du code d'accès actuel doit être obligatoirement remplie","¡La contraseña actual no puede quedar vacía!"
"common.js.alert.deleteattach","The attachment file {0} will be deleted. Are you sure?","Le fichier en pièce jointe {0} sera supprimé. Voulez-vous continuer ?","El archivo adjunto {0} será borrado. ¿Estás seguro?"
"common.js.alert.deleteattachfail","ERROR: fail to delete the attachment!","Erreur: Fichier en pièce jointe non supprimé","Error: no se pudo borrar el archivo adjunto."
"common.js.alert.descempty","Description is empty!","La case de description n'a pas été remplie !","¡La descripción está vacía!"
"common.js.alert.enhancedtext","Please input your enhanced text!","Veuillez introduire votre texte amélioré","¡Por favor ingresa tu texto mejorado!"
"common.js.alert.exceedwords","This text is currently <span style='font-weight: bold; color: orange;'>{0}</span> words long. This exceeds the maximum word count of <span style='font-weight: bold; color: orange;'>{1}</span>. Your work has not been submitted. Please revise the text and resubmit your work.","Le texte actuel est  <span style='font-weight: bold; color: orange;'>{0}</span> words long. Ceci excède le comptage maximum de mots <span style='font-weight: bold; color: orange;'>{1}</span>. Votre travail n'a pas été reçu. Veuillex revoir le texte et remttre à nouveau votre travail. ","Este texto tiene actualmente una extensión de <span style='font-weight: bold; color: orange;'>{0}</span> palabras. Esto excede el conteo máximo de palabras de <span style='font-weight: bold; color: orange;'>{1}</span>. Su trabajo no ha sido enviado. Por favor revise el texto y reenvíe su trabajo."
"common.js.alert.fileexisted","This file already exists.","Ce fichier existe déjà","Este archivo ya existe."
"common.js.alert.filenotadded","The selected file {0} hasn't been added into the attachment list. Do you want to add it now?","Le fichier sélectionné {0} n'a pas été annexé à la liste de pièces jointes. Désirez-vous l'ajouter maintenant?","El archivo seleccionado {0} no ha sido agregado a la lista de adjuntos. ¿Deseas añadirlo ahora?"
"common.js.alert.incompletedquestion","Your questions have not been answered yet.
Are you sure you have completed the assignment and want to submit now?","Vos questions n'ont pas encore reçu de réponse. Êtes-vous  d'avoir terminé le travail assigné et voulez-vous l'envoyer maintenant ? ","Tus preguntas aún no han sido respondidas."
"common.js.alert.inputanswer","Please input your answer!","Veuillez introduire votre réponse","¡Por favor ingresa su respuesta!"
"common.js.alert.invalidimage","Invalid image type! The supported image type are: {0}","Type d'illustration non valide ! Le type d'illustration complémentaire est: {0}","¡Tipo de imagen inválido! El tipo de imagen que soporta es: {0}"
"common.js.alert.lesswords","This text is currently <span style='font-weight: bold; color: orange;'>{0}</span> words long.  This is below the minimum word count of <span style='font-weight: bold; color: orange;'>{1}</span>.  Your work has not been submitted. Please revise the text and resubmit your work.","Ce texte actuel est <span style='font-weight: bold; color: orange;'>{0}</span> words long.  Ceci est inférieur au comptage minimum de  <span style='font-weight: bold; color: orange;'>{1}</span> words long. Votre travail n'a pas été reçu. Veuillez revoir le texte renvoyer votre travail.  ","Este texto tiene actualmente una extensión de <span style='font-weight: bold; color: orange;'>{0}</span> palabras. Esto se encuentra por debajo del conteo mínimo de palabras de <span style='font-weight: bold; color: orange;'>{1}</span>. Su trabajo no ha sido enviado. Por favor revise el texto y reenvíe su trabajo."
"common.js.alert.needonesource","Please choose at lease one source!","Veuillez choisir au moins une source ! ","¡Por favor ingresa al menos una fuente!"
"common.js.alert.newpasswdempty","New password cannot be empty!","La case du nouveau code d'accès doit être obligatoirement remplie","¡La nueva contraseña no puede quedar vacía!"
"common.js.alert.noassigneduser","Assigned user is not selected!","l'utilisateur assigné n'a pas été sélectionné !","¡No se ha seleccionado un usuario asignado!"
"common.js.alert.nocasebody","Case body is empty!","Le corps de l'affaire n'est pas indiqué","¡El cuerpo del caso está vacío!"
"common.js.alert.nocasesubject","Case subject is empty!","Le sujet de l'affaire n'est pas indiqué","¡El titulo del caso está vacío!"
"common.js.alert.noimagespecified","You haven't specify an image!","Vous avez omis de spécifier une illustration","¡No has especificado una imagen!"
"common.js.alert.passwdchngsuccess","Password changed successfully!","Changement du code d'accès réalisé avec succès","¡Contraseña cambiada exitosamente!"
"common.js.alert.passwdinconsistent","New password and confirm password are inconsistent!","Le nouveau code d'accès et sa confirmation ne coïncident pas","¡Nueva contraseña y confirmar contraseña no coinciden!"
"common.js.alert.passwdinvalid","Invalid password!","Code d'accès non valide","¡Contraseña inválida!"
"common.js.alert.pendingquestion","There are pending questions that author has not responded.
Are you sure you have completed the assignment and want to submit now?","Il existe des questions restées sans réponse de la part de l'auteur. Êtes-vous sûr d'avoir terminé le travail assigné et voulez-vous le remettre maintenant ? ","Hay preguntas pendientes que el autor no ha respondido. ¿Estás seguro de haber terminado la tarea y querer enviar ahora?"
"common.js.alert.prjnoselected","Project is not selected!","Le projet n'a pas été sélectionné !","¡No se ha seleccionado un proyecto!"
"common.js.alert.rolenoselected","Role is not selected!","Le rôle n'a pas été selectionné !","¡No se ha seleccionado un rol!"
"common.js.alert.submitindicators","Are you sure you want to do this? This action cannot be undone.","Êtes-vous sûr de présenter les indicateurs?","¿Está seguro de que quiere hacer esto? Esta acción no puede ser revertida"
"common.js.alert.successenhance","Your enhancement saved successfully!","Les améliorations apportées ont été sauvegardées","¡Tus mejoras se han guardado exitosamente!"
"common.js.alert.succssreview","Your review has been successfully saved!","Votre révision a été sauvegardée","¡Tu revisión se ha guardado con éxito!"
"common.js.alert.suggestedscore","Please provide your suggested scoring change as well as comments supporting your change!","Veuillez apporter un changement dans la qualification suggérée et  apportez les raisons qui motivent votre changement ! ","¡Por favor proporciona tu propuesta de cambio de calificación, así como comentarios que apoyen el cambio!"
"common.js.alert.sumbitassignment","Are you sure you want to do this? This action cannot be undone.
","Êtes-vous sûr d'avoir terminé le travail assigné et voulez-vous le remettre maintenant ? ","¿Estás seguro de haber terminado la tarea y querer enviarla ahora?"
"common.js.alert.sumitquestion","Are you sure to submit your questions now?","Êtes-vous certain de vouloir envoyer vos questions maintenant ? ","¿Estás seguro de querer enviar tus preguntas ahora?"
"common.js.alert.title.alert","Alert","Signal d'alarme","Alerta"
"common.js.alert.title.confirm","Confirmation","Confirmation","Confirmación"
"common.js.alert.title.error","Error","Erreur  ","Error"
"common.js.alert.title.info","Info","Information","Información"
"common.js.alert.title.prompt","Prompt","Aide-mémoire","Rápido"
"common.js.alert.title.sorry","Sorry","Désolé","Lo lamentamos"
"common.js.alert.title.success","Success","Avec succès","Éxito"
"common.js.alert.title.warn","Warn","Avertissement","Advertencia"
"common.js.alert.toolength","Too many characters! You can enter max 250 characters.","Trop de caractères. Vous ne pouvez introduire qu'un maximum de 250 caractères.","¡Demasiados caracteres! Puedes ingresar máximo 250 caracteres."
"common.js.alert.topictitle","Please input the topic title!","Veuillez introduire le titre du sujet traité !","¡Por favor ingresa el titulo del tema!"
"common.js.alert.undone","Are you sure?  This cannot be undone.","Êtes-vous sûr de vouloir exécuter cette action? Cette action est irréversible","¿Estás seguro? No se puede deshacer esta acción."
"common.js.alert.uploadsuccess","File upload successfully!.","Fichier téléchargé avec succès !.","Archivo subido exitosamente."
"common.js.alt.unblock","Click to unblock","Cliquez pour débloquer","Click para desbloquear"
"common.js.alert.required","* This field is required",,
"common.js.alert.required.multiplecheckbox","* Please select an option",,
"common.js.alert.required.checkbox","* This checkbox is required",,
"common.js.alert.invalid.integer","* Not a valid integer",,
"common.js.alert.invalid.positiveinteger","* Not a valid positive integer",,
"common.js.alert.invalid.float","* Invalid floating decimal number",,
"common.js.alert.required.selectOne","* No option selected",,
"common.js.alert.tablenotcompleted","Please complete the form fields of the table!",,
"common.js.assignment","Assigned To","Assigné à","Asignado a"
"common.js.ckedit.toolbar","MyToolbar","Ma barre d'outils","Mi barra de herramientas"
"common.js.ckedit.toolbar.anchor","Anchor","Ancrage","Anclar"
"common.js.ckedit.toolbar.bgcolor","BGColor","Couleur BG","Color del fondo"
"common.js.ckedit.toolbar.bold","Bold","en caractère gras","Negritas"
"common.js.ckedit.toolbar.bulletlist","BulletedList","Liste avec gros points de mise en évidence","Lista con viñetas"
"common.js.ckedit.toolbar.find","Find","Chercher","Encontrar"
"common.js.ckedit.toolbar.format","Format","Format","Formato"
"common.js.ckedit.toolbar.italic","Italic","en italique","Cursivas"
"common.js.ckedit.toolbar.link","Link","Relier","Vínculo"
"common.js.ckedit.toolbar.maximize","Maximize","Maximiser","Maximizar"
"common.js.ckedit.toolbar.numlist","NumberedList","Liste numérotée","Lista numerada"
"common.js.ckedit.toolbar.pastefromword","PasteFromWord","Coller le texte à partir de Word","Pegar desde Word"
"common.js.ckedit.toolbar.pastetxt","PasteText","Coller le texte","Pegar texto"
"common.js.ckedit.toolbar.print","Print","Imprimer","Imprimir"
"common.js.ckedit.toolbar.redo","Redo","Refaire","Rehacer"
"common.js.ckedit.toolbar.replace","Replace","Remplacer","Reemplazar"
"common.js.ckedit.toolbar.rmformat","RemoveFormat","Éliminer le format","Borrar formato"
"common.js.ckedit.toolbar.scayt","Scayt","Scayt","Scayt (revisar ortografía mientras escribes)"
"common.js.ckedit.toolbar.selectall","SelectAll","Sélectionner tout le texte","Seleccionar todo"
"common.js.ckedit.toolbar.source","Source","Source","Fuentes"
"common.js.ckedit.toolbar.spellchecker","SpellChecker","Vérifier l'orthographe","Corrector ortográfico"
"common.js.ckedit.toolbar.strike","Strike","Effacer","Tachado"
"common.js.ckedit.toolbar.underline","Underline","Souligner le mot","Subrayar"
"common.js.ckedit.toolbar.undo","Undo","Annuler","Deshacer"
"common.js.ckedit.toolbar.unlink","Unlink","Défaire le lien","Quitar vínculo"
"common.js.err.interval","Server internal error, please concact to your administrator!","Erreur du serveur interne. Veuillez contacter votre administrateur ! ","¡Error interno del servidor, por favor contacte a su administrador!"
"common.js.err.submitreview","Failed to submit your review because of internal error!","Échec de remise de votre article due à une erreur interne !","¡Falla al enviar tu opinión debido a un error interno!"
"common.js.goal_done","goal has passed",,"Tiempo Agotado"
"common.js.hint.role.list","display role list","Affichage de liste de rôles à jouer","Mostrar lista de roles"
"common.js.hint.team.list","display team list","Affichage de liste des équipes","Mostrar lista del equipo"
"common.js.hint.user.list","display user list","Affichage de liste d'utilisateurs","Mostrar lista de usuarios"
"common.js.i_want_this","I Want This","Je souhaiterais faire ce travail","Quiero esto"
"common.js.inqueue","IN QUEUE","En attente","EN FILA"
"common.js.msg.discussion","Discussion","Discussion","Discusión"
"common.js.msg.endassignment","End {0}'s assignment ""{1}"" on ""{2}""","Terminez l'assignation de {0} ""{1}"" sur ""{2}""","Terminar la tarea de {0} ""{1}"" el ""{2}""."
"common.js.msg.exitassignment","End Assignment","Fin du travail assigné","Salir de la tarea"
"common.js.msg.forcecomplete","FORCE COMPLETE: Reject changes but describe assignment as complete","EXIGENCE DE TERMINAISON FORCÉE : Refuse les changements mais considère le travail assigné comme terminé","FORZAR COMPLETAR: Rechazar cambios pero dar tarea por completada"
"common.js.msg.goToTop","Go to Top",,"Vaya al tope"
"common.js.msg.goToBottom","Go to Bottom",,"Vaya al fondo"
"common.js.msg.new","new:","nouveau:","nuevo:"
"common.js.msg.newdeadline","New Deadline","Nouveau délai","Nueva fecha límite"
"common.js.msg.partialsubmission","ACCEPT: Complete assignment and accept partial submission. ","ACCEPTATION: Terminez l'assignation du travail et acceptez des remises partielles du travail. ","ACEPTAR: Completar tarea y hacer envío parcial"
"common.js.msg.privatediscussion","Private Discussion","Discussion entamée par le personnel","Has seleccionado"
"common.js.msg.selected","You have selected:","Vous avez sélectionné: ","Conversación privada"
"common.js.msg.staffauthordiscussion","Staff / Author Discussion","Discussion entamée par le personnel / par l'auteur ","Discusión del personal/autor"
"common.js.msg.staffdiscussion","Private Discussion","Discussion entamée par le personnel","Discusión de personal"
"common.js.msg.staffnotes","Staff Notes","Notes du personnel","Notas de personal"
"common.js.msg.total","Total:","Total:","Total:"
"common.js.msg.usernotes","User Notes","Notes de l'utilisateur","Notas del usuario"
"common.js.msg.usertriggerlist","User Trigger List","Liste d'activation de l'utilisateur","Lista de activación de usuarios"
"common.js.msg.success_saved","Your changes are saved!",,"Se han guardado los cambios"
"common.js.msg.notedisabled","This note is DISABLED!",,
"common.js.msg.noteremoved","This note is REMOVED!",,
"common.js.no_one","NO ONE",,"Ninguno"
"common.js.peopleProfile.savePopup","By clicking Save you consent to the collection and processing (including
the disclosure and international transfer) of your Personal Information as
described in the Indaba Privacy Policy (http://getindaba.org/indaba-privacy-policy/).  In particular you consent to the transfer of your
Personal Information internationally as described in the Privacy Policy.
","En cliquant sur ""Sauvegarder"", vous consentez à ce que soient captées et
archivées vos informations personnelles ( y compris la divulgation de vos
coordonnées sur le réseau international), conformément aux conditions
stipulées dans la politique de confidentialité d'Indaba  (http://getindaba.org/indaba-privacy-policy). 
En particulier, vous donnez votre consentement à la transmission de vos informations personnelles sur
le réseau international, tel que l'indique la politique de confidentialité d'Indaba.","Al elegir Guardar aceptas la recopilación y el procesamiento de tu Información Personal (incluyendo la divulgación y la transferencia internacional) tal como se describe en la Política de Privacidad de Indaba (http://getindaba.org/indaba-
privacy-policy/). En particular aceptas que tu Información Personal se transfiera internacionalmente como se describe en la Política de Privacidad.





"
"common.js.return_to_queue","Return To Queue","Retour dans la file d'attente","Volver a la fila"
"common.js.subscribe_queue","subscribe this queue",,"Suscribir esta búsqueda"
"common.js.token.hint","Type in a search term","Tapez un mot de recherche","Coloque un término de búsqueda"
"common.js.token.noResult","No results","Recherche infructueuse","No hay resultados"
"common.js.token.search","Searching...","Recherche en cours…","Buscando..."
"common.js.unsubscribe_queue","unsubscribe this queue",,"Desuscribir esta búsqueda"
"common.label.action","ACTION","Action","Acción"
"common.label.adding","adding ...","en ajoutant …","agregando…"
"common.label.assigned","Assigned",,"Asignado"
"common.label.assignedcontent","ASSIGNED CONTENT","TEXTE ASSIGNÉ","CONTENIDO ASIGNADO"
"common.label.assigneduser","Assigned User","Utilisateur assigné","Usuario Asignado"
"common.label.attachedcontent","ATTACHED CONTENT","TEXTE EN PIÈCE JOINTE","CONTENIDO ADJUNTO"
"common.label.bio","Bio","Bio","Bio"
"common.label.case","CASE","AFFAIRE","Caso "
"common.label.casebody","Case Body","Corps de l'affaire","Cuerpo del caso"
"common.label.cases","Cases","Affaires ","Casos"
"common.label.casesubject","Case Object","Objet de l'affaire","Objeto del caso"
"common.label.claim_this","CLAIM THIS","APPROPRIATION DE CE TRAVAIL","RECLAMAR ESTO"
"common.label.closed","Closed","Fermé","Cerrado"
"common.label.completepercentage","% complete","% terminé","% completado"
"common.label.country","COUNTRY","PAYS","PAÍS"
"common.label.createtime","Create Time","Création d'horaires","Crear hora"
"common.label.deadline","DEADLINE","DÉLAI DE REMISE","FECHA LÍMITE"
"common.label.desc","Description","Description","Descripción"
"common.label.donepercent","% DONE","% RÉALISÉ","% REALIZADO"
"common.label.emailmsgdetaillevel","Email Message Detail Level","Niveau de détails du courriel","Nivel de detalle del correo electrónico"
"common.label.emailmsgdetaillevel.alert","Alert Only","uniquement Alerte","Sólo alerta"
"common.label.emailmsgdetaillevel.fullMsg","Full Message","Message complet","Mensaje completo"
"common.label.engageStatus","ENGAGE STATUS",,"Indicar estatus"
"common.label.estimate","ESTIMATE","ÉVALUATION","ESTIMADO"
"common.label.file","File","Fichier","Archivo"
"common.label.fire","Fire","Cibler","Activar"
"common.label.fireall","Fire All","Commande donnant le feu vert à l'assignation d'un projet","Iniciar todas"
"common.label.firstname","First Name","Prénom","Nombre"
"common.label.goal","GOAL","OBJET","OBJETIVO"
"common.label.history","HISTORY","ANTÉCÉDENT","HISTORIA"
"common.label.inflight","Inflight ",,"En proceso"
"common.label.lastname","Last Name","Nom de famille","Apellido"
"common.label.location","Location","Positionnement","Ubicación"
"common.label.mailaddr","Mailing Address","Adresse de la messagerie électronique","Dirección de correo"
"common.label.message","Message","Message","Mensaje"
"common.label.name","NAME","NOM","NOMBRE"
"common.label.nextdue","NEXT DUE","À REMETTRE SOUS PEU","PRÓXIMA ENTREGA"
"common.label.not_assigned","Not Assigned","Non assigné","No asignado"
"common.label.note","NOTE","REMARQUE","NOTA"
"common.label.open","Open","Ouvert","Abierto"
"common.label.opencases","OPEN CASES","AFFAIRES OUVERTES","CASOS ABIERTOS"
"common.label.over","Over",,"Tiempo agotado"
"common.label.owner","OWNER","AUTEUR","PROPIETARIO"
"common.label.peopleassigned","PEOPLE ASSIGNED","PERSONNES ASSIGNÉES","PERSONAS ASIGNADAS"
"common.label.priority","PRIORITY","PRIORITÉ","PRIORIDAD"
"common.label.project","Project","Projet","Proyecto"
"common.label.projectChoose","Choose Project ...","Sélectionner un projet…","Elegir proyecto"
"common.label.chooseUser","Choose a user ...",,
"common.label.queue_filter","Filters",,"Filtros"
"common.label.review","Review","Réviser","Revisar"
"common.label.reviews","Reviews","Révisions","Revisiones"
"common.label.reviewTips","Review, Intended for Publication","Révision, destinée à la publication","Revisión, destinada a la publicación"
"common.label.role","Role","Rôle","Rol"
"common.label.status","STATUS","STATUT","ESTATUS"
"common.label.subject","Subject","Sujet","Titulo"
"common.label.tags","TAGS","ÉTIQUETTES","ETIQUETAS"
"common.label.task","TASK","TÂCHE","TAREA"
"common.label.taskStatus","TASK STATUS",,"Estatus de la tarea"
"common.label.teamcontent","Team Content","Contenu du texte de l'équipe","Contenido de equipo"
"common.label.teams","TEAMS","ÉQUIPES","EQUIPOS"
"common.label.time","TIME","DURÉE","HORA"
"common.label.title","TITLE","TITRE","TITULO"
"common.label.topictitle","TOPIC TITLE","TITRE DU SUJET TRAITÉ","TÍTULO DEL TEMA"
"common.label.username","User Name","Nom de l'utilisateur","Nombre del usuario"
"common.label.username.check","Checking the validity of username now.","Vérification du nom de l'utilisateur en cours","Comprobando la validez del nombre de usuario."
"common.label.username.input","Please input user name","Veuillez introduire le nom de l'utilisateur","Por favor ingresa el nombre del usuario"
"common.label.username.null","User name can't be empty!","La case destinée au nom de l'utilisteur doit être obligatoirement remplie","¡El nombre de usuario no puede quedar vacío!"
"common.label.validityuser","Validity username!","Validité du nom de l'utilisateur ","¡Validar nombre de usuario!"
"common.label.view","VIEW","VISIONNER","VISTA"
"common.label.starting","Starting",,"Comenzando"
"common.label.willdo","{0} will {1}","{0} sera {1}","{0} será {1}"
"common.label.you","you","vous","tu"
"common.label.progress","PROGRESS",,
"common.label.due","DUE",,
"common.label.stop","STOP",,
"common.label.discussions","Discussions",,
"common.label.notes","Notes",,
"common.label.groupdiscussions","Group Discussions",,
"common.label.details","Details",,
"common.label.assign","Assign",,
"common.label.what","What",,
"common.label.due2","Due",,
"common.msg.noactivity","no activity",,
"common.msg.noflags","No flags.",,
"common.msg.loading","loading...",,
"common.msg.viewed","viewed",,
"common.msg.working","working",,
"common.msg.done","done",,
"common.msg.actions","Actions",,"Acciones"
"common.msg.addtrigger","Add User Trigger","Ajouter la zone d'activation de l'utilisateur ","Añadir activación de usuarios"
"common.msg.assignedRespondent","Assigned Respondent:",,"Asignado a: "
"common.msg.blockpublish","Block Publishing","Arrêt de la publication","Bloquear publicación"
"common.msg.blockworkflow","Block Workflow","Arrêt du déroulement du travail ","Bloquear flujo de trabajo"
"common.msg.changeAttachments","Change Attachments",,"Modificar archivos adjuntos"
"common.msg.changeComments","Change Comments",,"Modificar comentarios"
"common.msg.changeOptions","Change Options",,"Modificar opciones"
"common.msg.changescores","Change Scores",,"Modificar anotaciones"
"common.msg.changeSrcDesc","Change Source Description",,"Modificar descripción de la fuente "
"common.msg.charterror","The Chart should be loaded here... Errors orrur if you see this text.","Le graphique devrait être téléchargé ici… Signalement d' erreur dès l'apparition de ce texte.","La tabla debería cargarse aquí… Ha ocurrido un error si ves este texto."
"common.msg.chooseReole","Choose a role",,"Elija un papel"
"common.msg.chooseTarget","Choose a target",,"Elija un objetivo"
"common.msg.click_to_add_role","Click to add roles",,"Haga clic para agregar papeles "
"common.msg.click_to_add_target","Click to add targets",,"Haga clic para agregar objetivos"
"common.msg.click_to_choose_product","Click to choose product",,"Haga clic para elegir producto"
"common.msg.click_to_choose_task","Click to choose task",,"Haga clic para elegir tarea"
"common.msg.dueDate","Due Date",,"Fecha límite"
"common.msg.fireuserfinder.summary","Total: {0, number, #}, New: {1, number, #}",,"Total: {0, número, #}, Nuevo: {1, número,#}"
"common.msg.fname.anonymous","Anonymous","Anonyme","Anónimo"
"common.msg.home","Home","Page d'accueil","Home"
"common.msg.lname.contributor","Contributor","Collaborateur","Colaborador"
"common.msg.nextcategory","Next Category","Catégorie suivante","Siguiente categoría"
"common.msg.nextindicator","Next","Suivant","Siguiente"
"common.msg.nextstep","Next Step","Étape suivante","Próximo paso"
"common.msg.noassign","No assginment for '{0}'","""{0}"" n'est pas assigné","No hay tareas para '{0}'"
"common.msg.nodata","This box is currently empty.","Cette case est actuellement vide","Actualmente esta caja se encuentra vacía."
"common.msg.noproject","No Project","Pas de projet","No hay proyecto"
"common.msg.opinionagree","Yes, I agree with the score but wish to add a comment, clarification, or suggest another reference.","Je suis d'accord avec la qualification mais désire ajouter un commentaire, faire des éclaircissements ou suggérer une autre référence","Sí, estoy de acuerdo con la calificación, pero quiero agregar un comentario, aclaración o sugerir otra referencia."
"common.msg.opiniondisagree","No, I do not agree with the score.","Non, je ne suis pas d'accord avec la qualification ","No, no estoy de acuerdo con la calificación."
"common.msg.opinionnojudge","I am not qualified to judge this indicator.","Je ne suis pas qualifié pour émettre une opinion sur cet indicateur","No estoy calificado para evaluar este indicador."
"common.msg.original","Original",,"Original"
"common.msg.peerreviews","Peer Reviews",,"Revisiones del grupo"
"common.msg.pleasewait","Please Wait...","Veuillez attendre, spv.","Por favor espera…"
"common.msg.prevcategory","Previous Category","Catégorie antérieure","Categoría previa"
"common.msg.previndicator","Previous","Antérieur","Previo"
"common.msg.prjupdates","Project Updates","Mises à jour du projet","Actualizaciones del proyecto"
"common.msg.product","Product","Produit","Producto"
"common.msg.respondent","Respondent",,"Quien responde"
"common.msg.respondentFilter","Respondent Filter",,"Filtro de quien responde"
"common.msg.rulemanager","Rule Manager","Chef de règlement","Administrador de lineamientos"
"common.msg.saveYourChanges","Save your changes",,"Guarde sus cambios"
"common.msg.scorecardActionBar","Action Bar",,"Barra de acción"
"common.msg.scorecardnav","Scorecard Navigation","Outil de révision de sondages faisant partie du système","Navegación de la tabla de calificaciones"
"common.msg.sendQuestions","Send Questions",,"Enviar preguntas"
"common.msg.sendYourFeedback","Send your feedback",,"Envíenos sus comentarios"
"common.msg.sendYourQuestions","Send your questions",,"Envíe sus preguntas"
"common.msg.setdeadline","Set {0}'s deadline for {1}","Établir un délai pour {0} relatif à {1}","Establecer ficha límite para {0} de {1}"
"common.msg.suggestedanswer","Suggested Answer: (required)","Réponse suggérée ( obligatoire)","Respuesta sugerida: (requerido)"
"common.msg.target","Target","Cible","Objetivo"
"common.msg.taskstatus.done","DONE","Réalisé","Hecho"
"common.msg.taskstatus.forcedexit","FORCED EXIT",,"Se ha forzado la salida"
"common.msg.taskstatus.inactive","INACTIVE","Non activé","Inactivo"
"common.msg.taskstatus.inflight","INFLIGHT",,"En proceso"
"common.msg.taskstatus.overdue","OVERDUE","Exigible","Plazo agotado"
"common.msg.taskstatus.unassigned","UNASSIGNED",,"No asignado"
"common.msg.to","To","à l'attention de","Para"
"common.msg.youcontent","Your Content","Votre contenu","Tu contenido"
"common.msg.yourinbox","Your Inbox","Votre corbeille d'arrivée","Tu bandeja de entrada"
"common.msg.youroutbox","Your Outbox",,"Tu bandeja de salida"
"common.msg.nomember","No member!",,
"common.msg.noflag","No Flag!",,
"common.msg.reassignflagdesc","Enter all required details about the issue and assign it to an appropriate member of the project.",,
"common.msg.reassignflagdetailshint","Enter problem details or support information to help resolve the issue.",,
"common.remark.active","active","Activé","activo"
"common.remark.aware","aware","je suis au courant ","pendiente"
"common.remark.done","done","Fait","hecho"
"common.remark.inactive","inactive","Non activé","inactivo"
"common.remark.started","started","Commencé","se ha iniciado"
"common.remark.suspended","suspended","En suspens","suspendido"
"common.title.comments","Comments","Commentaires","Comentarios"
"common.title.from","From","À partir de","De"
"common.title.sources","Sources","Sources","Fuentes"
"common.title.groupmembers","Group Members",,
"common.title.flagquestion","Flag Question",,
"common.title.flags","Flags",,
"common.title.flagsraisedbyme","Raised by me",,
"common.title.flagsassignedtome","Assigned to me",,
"common.title.flagothers","Flag others",,
"common.title.flagbuttonunset","Unset",,
"common.title.flagbuttonraisedbyme","Raised by me",,
"common.title.flagbuttonassignedtome","Assigned to me",,
"common.title.flagbuttonsetothers","Set others",,
"jsp.allcontent.allcontents","All Content","Tous les contenus","Todo el contenido"
"jsp.allcontent.pagetitle","Indaba Builder | All Content","Système d'Indaba  | Tout contenu ","Generador Indaba | Todo el contenido"
"jsp.answerDetails.pagetitle","Indaba Builder | Indicator Answer Detail","Système d'Indaba  | Indicateur de détail de réponse","Generador Indaba | Detalle del indicador de respuestas"
"jsp.assignmentMessage.pagetitle","Indaba Builder | Assignment Message","Système d'Indaba  | Assignation de message","Generador Indaba | Mensaje de asignación"
"jsp.attachment.addNewAttachments","ADD NEW ATTACHMENTS","ADJONCTION D' UN AUTRE FICHIER ","Agregar nuevos archivos adjuntos"
"jsp.attachment.attachments","Attachments","Adjonction de fichier ","Archivos adjuntos"
"jsp.attachment.b","B","B","B"
"jsp.attachment.by","BY","PAR","POR"
"jsp.attachment.file","FILE","FICHIER","ARCHIVO"
"jsp.attachment.kb","KB","KB","KB"
"jsp.attachment.maxFileSize","Max file size","Volume maximum du fichier","Tamaño máximo del archivo"
"jsp.attachment.maxFileSizeNum","30M","30M","30M"
"jsp.attachment.mb","MB","MB","MB"
"jsp.attachment.size","SIZE","VOLUME","TAMAÑO"
"jsp.caseFilter.tag","Tag","Étiquette","Etiqueta"
"jsp.casePage.assignTo","Assign To","Assigné à","Asignar a "
"jsp.casePage.attachContent","Attach Content","Adjonction du contenu","Adjuntar contenido"
"jsp.casePage.attachFiles","Attach File(s)","Adjonction de fichier(s)","Adjuntar archivo(s)"
"jsp.casePage.attachTags","Attach Tags","Adjonction d'étiquettes","Adjuntar etiquetas"
"jsp.casePage.attachUsers","Attach Users","Adjonction des utilisateurs","Adjuntar usuarios"
"jsp.casePage.case","Case","Affaire","Caso"
"jsp.casePage.caseDescription","Case Description","Description de l'Affaire","Descripción del caso"
"jsp.casePage.casePriority","Case Priority","Affaire à traiter en priorité","Prioridad del caso"
"jsp.casePage.casestatus","Case Status","Statut de l'Affaire","Estatus del caso"
"jsp.casePage.caseTitle","Case Title","Titre de l'Affaire","Titulo del caso"
"jsp.casePage.createBy","Created By","Créé par","Creado por"
"jsp.casePage.newCase","New Case","Nouvelle affaire","Nuevo caso"
"jsp.casePage.openNew","Open - New","Ouverture d'une nouvelle affaire","Abrir - Nuevo"
"jsp.casePage.title.caseDetail","Indaba Builder | Cases Detail","Systéme d' Indaba  | Détail des affaires ","Generador Indaba | Detalles de caso "
"jsp.casePage.title.newCase","Indaba Builder | New Case","Système d'Indaba   | Nouvelle affaire","Generador Indaba| Nuevo caso"
"jsp.cases.allCases","All Cases","Toutes les affaires","Todos los casos"
"jsp.cases.openNewCase","Open New Case","Ouverture d'une nouvelle affaire","Abrir nuevo caso"
"jsp.cases.title","Indaba Builder | Cases","Système d' Indaba  | Affaires","Generador Indaba | Casos "
"jsp.choice.all","ALL","Selectionner le tout","Todos"
"jsp.clientpage.h1","client site page with widgets","Page du site du client avec widgets","página del sitio del cliente con widgets"
"jsp.clientpage.pagetitle","Indaba Builder | Widgets","Système d'Indaba  | Widgets","Generador Indaba | Widgets"
"jsp.configtool.btn.gencode","Generate Code","Établir un code","Generar código"
"jsp.configtool.btn.rmselected","Remove Selected","Éliminer article sélectionné","Eliminar seleccionados"
"jsp.configtool.configuration","Configuration","Configuration ","configuración"
"jsp.configtool.h1","Widget Configuration Tool","Outil de configuration de widget","Herramienta de configuración de widgets"
"jsp.configtool.height","height","hauteur","altura"
"jsp.configtool.mapptingto","mapping to","Unité logique vers","asignar a"
"jsp.configtool.pagetitle","Indaba Builder | Manage Widget","Système d'Indaba | Gestion de widgets","Generador Indaba | Administar widgets"
"jsp.configtool.parameter","parameter","paramètre","Parámetro"
"jsp.configtool.targetaddr","target address","adresse cible","Dirección de destino"
"jsp.configtool.width","width","largeur","ancho"
"jsp.contentApproval.ApproveInstruction","PLEASE APPROVE THE CONTENT AND CLICK [ I'm Done - Submit ] WHEN YOU ARE DONE","VEUILLEZ AUTORISER LE CONTENU ET CLIQUEZ SUR [ J'ai terminé - Envoyer] lorsque le travail est terminé","POR FAVOR APRUEBA EL CONTENIDO Y HAZ CLICK EN [ He terminado - Enviar ] CUANDO HAYAS CONCLUIDO"
"jsp.contentApproval.ApproveThisContent","APPROVE THIS CONTENT","AUTORISATION DE CE CONTENU","APROBAR ESTE CONTENIDO"
"jsp.contentApproval.pagetitle","Indaba Builder | Content Approval","Système d' Indaba  | autorisation du contenu ","Generador Indaba | Aprobación de contenido "
"jsp.contentGeneral.caseLastUpdated","LAST UPDATED","DERNIÈRE MISE À JOUR","Última actualización"
"jsp.contentGeneral.caseNO","NO.","NO.","NO."
"jsp.contentGeneral.caseOpened","OPENED","OUVERT","Abierto"
"jsp.contentGeneral.currentTasks","Current Tasks","Tâches actuelles","Tareas actuales"
"jsp.contentGeneral.instructions","Instructions","Directives","Instrucciones"
"jsp.contentPayment.instruction","PLEASE RECORD PAYMENT INFORMATION HERE. WHEN YOU FINISH, PLEASE CLICK [ I'm Done - Submit ] BUTTON","VEUILLEZ ENREGISTRER ICI L'INFORMATION DU PAIEMENT. UNE FOIS EFFECTUÉ, CLIQUEZ ICI SUR LA TOUCHE  [ J'ai terminé - Envoyer]","POR FAVOR GRABA LA INFORMACIÓN SOBRE PAGO DE CONTENIDO AQUÍ. CUANDO HAYAS TERMINADO HAZ CLIC EN EL BOTÓN [ He terminado - Enviar ] "
"jsp.contentPayment.pagetitle","Indaba Builder | Content Payment","Numération de Indaba  | Paiement du contenu","Generador Indaba | Pago de contenido"
"jsp.contentPayment.payees","PAYEES","BÉNÉFICIAIRES","Beneficiarios"
"jsp.contentPayment.paymentDate","PAYMENT DATE","DATE DE PAIEMENT ","Fecha de pago"
"jsp.contentPayment.paymentMount","PAYMENT AMOUNT","MONTANT DU PAIEMENT","MONTO A PAGAR"
"jsp.contentPayment.prompt","Please enter correct amount number","Veuillez introduire le chiffre correct du montant ","Por favor corrige el monto"
"jsp.error.back","Back","Retour","Volver"
"jsp.error.errMsg","Internal server error/exception occurs. Please contact your administrator.","Existence d'une erreur du serveur interne. Veuillez contacter votre administrateur.","Ha ocurrido un error en el servidor interno o una excepción. Por favor contacta a tu administrador."
"jsp.error.errors","ERRORS","ERREURS","Errores"
"jsp.error.pagetitle","Indaba Build | Error","Système d' Indaba  | Erreur","Generador Indaba | Error"
"jsp.fileupload.browseFiles","Browse Files","Explorer les fichiers","Cargar archivos"
"jsp.fileupload.clearList","Clear List","Liste d'effacement","Eliminar lista"
"jsp.fileupload.startUpload","Start Upload","Commencer à télécharger","Comenzar carga "
"jsp.footer.privacy","Privacy Policy","Politique de confidentialité","Política de privacidad"
"jsp.header.admin","Indaba Admin","Administration d'Indaba","Administración de Indaba"
"jsp.header.home","Indaba Home","Page d'accueil d'Indaba","Home de Indaba "
"jsp.header.logout","Logout","Sortie","Salir"
"jsp.header.menu.allcontent","All Content","Tous les contenus","Todo el contenido"
"jsp.header.menu.help","Help","Assistance","Ayuda"
"jsp.header.menu.messaging","Messaging","Messagerie","Mensajes"
"jsp.header.menu.people","People","Personnes ","Personas"
"jsp.header.menu.queue","Queue","File d'attente","Fila"
"jsp.help.msg1","Are you having problems? We're very sorry! Here are some ways to get support.","Avez-vous des problèmes ? Nous sommes vraiment navrés ! Voici quelques directives pour obtenir de l'aide.","¿Tienes problemas? ¡Lo sentimos mucho! Aquí hay algunas opciones para obtener ayuda."
"jsp.help.msg2","Read the instructions for your project at the <a href=""http://getindaba.org/help-desk/"">Indaba Help Desk</a>.","Lisez les directives concernant votre projet sur <a href=""http://getindaba.org/help-desk/"">Indaba Help Desk</a>.","Lee las instrucciones para tu proyecto en el <a href=""http://getindaba.org/help-desk/"">módulo de asistencia de Indaba</a>."
"jsp.help.msg3","Read the Frequently Asked Questions at the <a href=""http://getindaba.org/help-desk/"">Indaba Help Desk</a>.","Lisez les questions frequemment posées sur le site  <a href=""http://getindaba.org/help-desk/"">Indaba Help Desk</a>.","Lee las preguntas frecuentes en el <a href=""http://getindaba.org/help-desk/"">módulo de asistencia Indaba</a>."
"jsp.help.msg4","<a href=""newmsg.do"">Send a sitemail</a> to your manager. Your managers like hearing from you! You can find your manager at the <a href=""people.do"">PEOPLE</a> tab, under ""People You Should Know."" Your manager will address your question and may post the exchange to the FAQ thread.","<a href=""newmsg.do"">Envoyer un message de site </a> à votre directeur. C'est pour eux un plaisir de recevoir de vos nouvelles !. Contactez-les sur <a href=""people.do"">PEOPLE</a> tab, sous la rubrique ""People You Should Know.""  Votre directeur affichera l'échange d'idées sur le regroupement des messages d'un groupe d'intérêt sur le sujet concerné.","<a href=""newmsg.do"">Enviar un mensaje interno </a> a tu administrador. ¡A tus administradores les gusta saber de ti! Puedes encontrar el tuyo en la pestaña <a href=""people.do"">GENTE</a> bajo la leyenda “Gente que deberías conocer”. Tu administrador abordará tu pregunta y puede publicar la respuesta en la lista de preguntas frecuentes."
"jsp.help.msg5","We use Indaba's case manager to track problems with fieldwork or using Indaba. If a case is open and related to you, you can see it at the <a href=""cases.do"">CASES</a> tab. Some users can open a new case, however not all users are allowed to do this.","Nous utilisons le système de gestion d'Indaba pour retrouver et suivre les problèmes rencontrés lors des travaux sur les lieux ou lors de l'utilisation d'Indaba. Si une affaire déjà traitée est liée à la votre, vous pouvez consulter le dossier sur <a href=""cases.do"">AFFAIRES</a> tab. Certains utilisateurs peuvent ouvrir une nouvelle affaire. Toutefois l'autorisation n'est pas accordée à tous. ","Utilizamos el administrador de casos de Indaba para rastrear problemas con el trabajo de campo o el uso de Indaba. Si existe un caso abierto relacionado contigo, puedes verlo en la pestaña <a href=""cases.do""> CASOS </ a>. Algunos usuarios pueden abrir un caso nuevo; sin embargo, no todos los usuarios tienen los privilegios necesarios."
"jsp.help.msg6","If you have an Indaba-related emergency, you can call the Global Integrity office at +1 202.449.4100.","Dans le cas où vous rencontreriez un problème urgent lié à Indaba, vous pouvez appeler le bureau d'Indaba au numéro  +1 202.449.4100.","Si tienes una emergencia relacionada con Indaba puedes llamar a la oficina de Global Integrity, o al +1 202.449.4100."
"jsp.help.title","Indaba Builder | Help","Système d'Indaba  | Assistance","Generador Indaba | Ayuda"
"jsp.help.start","If you're having trouble using Indaba you should:",,
"jsp.help.tip1","Contact your Project Manager for any questions related to your project or about working on Indaba.",,
"jsp.help.tip2","Visit our Support Site at <a href=""https://indaba.tenderapp.com"">indaba.tenderapp.com</a> for answers to Frequently Asked Questions or ""How To"" articles on using Indaba.",,
"jsp.help.tip3","Email Indaba Support at <a href=""mailto:support@indaba.io"">support@indaba.io</a> for Indaba related emergencies or call +1 202.449.4100.",,
"jsp.help.end","For general information on Indaba services and features please visit <href a=""http://indaba.io"">indaba.io</a>",,
"jsp.help.wokflowconsole","Workflow Console","Pupitre de flux de travail","Consola de flujo de trabajo"
"jsp.horseApproval.approveDone","Approve - I'm Done","Approbation - j'ai terminé","Aprobar - He terminado"
"jsp.horseApproval.instruction","PLEASE APPROVE THE HORSE","VEUILLEZ AUTORISER LES NÉGOTIATIONS","POR FAVOR APRUEBA EL CABALLO"
"jsp.horseApproval.pagetitle","Indaba Builder | Horse Approval","Système d'Indaba  | Approbation des négotiations ","Generador Indaba | Aprobación del caballo"
"jsp.indicatorPeerReviewPage.link2Answer","Link To Original Answer","Lien à la réponse initiale","Vincular a la respuesta original"
"jsp.indicatorPeerReviewPage.title","Indaba Builder | Indicator Peer Review","Numération d'Indaba  | Révision des indicateurs semblables ","Generador Indaba | Revisión de indicador por los colegas "
"jsp.indicatorPRReviewPage.title","Indaba Builder | Indicator PR Review","Système d'Indaba  | Révision de l'indicateur PR","Generador Indaba | Revisión PR del indicador"
"jsp.indicatorReviewPage.title","Indaba Builder | Indicator Review","Système d'Indaba  | Révision de l'indicateur ","Generador Indaba | Revisión del indicador"
"jsp.indicatorTag.buttonAddTag","Add New Tag","Ajouter une nouvelle étiquette","Agregar nueva etiqueta"
"jsp.indicatorTag.instruction","Tag The Indicator","Étiqueter l'indicateur","Etiquetar el indicador"
"jsp.journalContentVersion.content","Content","Contenu ","Contenido"
"jsp.journalContentVersion.pagetitle","Indaba Builder | Journal Content Version {0} by","Système d'Indaba  | Version {0} du contenu du journal par","Generador Indaba | Versión de contenido del diario {0} por"
"jsp.journalOveralReview.title","Indaba Builder | Notebook Overall Review","Système d'Indaba  | Révision générale du bloc-notes","Generador Indaba | Revisión general del cuaderno"
"jsp.journalPeerReview.pagetitle","Indaba Builder | Notebook Peer Review","Système d'Indaba  | Révision du bloc-notes du collègue","Generador Indaba | Revisión del cuaderno por los colegas "
"jsp.journalPRReview.pagetitle","Indaba Builder | Notebook PR Review","Système d'Indaba  | Révision du bloc-notes PR","Generador Indaba | Revisión de cuaderno de RP"
"jsp.journalReview.pagetitle","Indaba Builder | Notebook Review","Système d'Indaba  | Révision du bloc-notes","Generador Indaba | Revisión del cuaderno"
"jsp.journalReviewResponse.pagetitle","Indaba Builder | Notebook Review Page","Système d'Indaba  | Page révisée du bloc-notes","Generador Indaba | Página de revisión del cuaderno"
"jsp.login.check.error","ERROR when check validity!","Vérification de validité avortée","¡Error al comprobar validez!"
"jsp.login.pagetitle","Indaba Login","Connection à Indaba","Inicio de sesión en Indaba"
"jsp.login.pwd","Password","Code d'accès ","Contraseña"
"jsp.login.pwd.null","Password can't be empty!","La case du code d'accès doit être obligatoirement remplie","¡La contraseña no puede quedar vacía!"
"jsp.login.pwd.toEmail","Sending password to your email...","Envoi de votre code d'accès à votre courrier électronique ","Enviando contraseña a tu correo electrónico…"
"jsp.login.tomail.error","ERROR when send email!","Envoi du courriel avorté","¡Error al enviar email!"
"jsp.messageDetail.pagetitle","Indaba Builder | Message Detail","Système d'Indaba  | Détail du message","Generador Indaba|Detalle del mensaje"
"jsp.messageDetail.reply","Reply","Réponse","Responder"
"jsp.messageDetail.title","Title","Titre","Titulo"
"jsp.messages.createNewMsg","Create New Message","Création d'un nouveau message","Crear nuevo mensaje"
"jsp.messages.date","DATE","DATE  ","FECHA"
"jsp.messages.from","FROM","DE LA PART DE","DE"
"jsp.messages.new","NEW","NOUVEAU","NUEVO"
"jsp.messages.newCount","New","Nouveau","Nuevo"
"jsp.messages.pagetitle","Indaba Builder | Messages","Système d'Indaba  | Message ","Generador Indaba | Mensajes"
"jsp.messages.rows","Rows","RANGÉES","Columnas"
"jsp.messages.total","Total","Total","Total"
"jsp.messageSidebar.from","from","de la part de","de"
"jsp.messageSidebar.more","more","en plus","más"
"jsp.messageSidebar.new","new","nouveau","nuevo"
"jsp.myOpenCases.yourOpenCases","Your Open Cases","Vos affaires en cours","Tus casos abiertos"
"jsp.newMessage.newMsg","New Message","Nouveau message","Nuevo mensaje"
"jsp.newMessage.pagetitle","Indaba Builder | New Message","Système d'Indaba  | Nouveau message ","Generador Indaba | Nuevo mensaje"
"jsp.newMessage.projectUpdate","Post to Project Updates","Affichage de mise à jour de projet","Publicar en actualización de proyectos"
"jsp.notebook.assignedTasks","task(s) assigned.","assignation de tâche(s)","tarea(s) asignada(s)"
"jsp.notebook.enter","enter","Touche d'entrée","entrar"
"jsp.notebook.notification","Notification","Notification","Notificación"
"jsp.notebook.pagetitle","Indaba Builder | Create NoteBook","Système d'Indaba  | Création de bloc-notes ","Generador Indaba | Crear cuaderno"
"jsp.notebook.youHave","You have","Vous avez","Tienes"
"jsp.notebookDisplay.pagetitle","Indaba Builder | Notebook","Système d'Indaba  | Bloc-notes","Generador Indaba | Cuaderno"
"jsp.notebookEdit.pagetitle","Indaba Builder | Notebook Edit","Systéme d'Indaba  | Édition du bloc-notes","Generador Indaba | Editar cuaderno"
"jsp.notebookEditor.notebookEditor","Notebook Editor","Mise en forme du bloc-notes","Editor de cuaderno"
"jsp.notebookEditor.previousVersions","Previous Versions","Versions antérieures","Versiones anteriores"
"jsp.notebookEditor.words","Words","Mots","Palabras"
"jsp.notebookView.editThis","Edit This","Mettre en forme ces données","Editar esto"
"jsp.notebookView.notebookContent","Notebook Content","Coontenu du bloc-notes","Contenido del cuaderno"
"jsp.peerReview.peerReviewTips","Peer Review, Intended for Publication","Révision du collégue, destinée à la publication","Revisión de un colega, destinada a publicación"
"jsp.people.allUsers","All Users","Tous les utilisateurs","Todos los usuarios"
"jsp.people.pagetitle","Indaba Builder | People","Système d'Indaba  | Personnes","Generador Indaba | Gente"
"jsp.people.shouldKnow","People You Should Know","Personnes que vous devriez connaître","Personas que deberías conocer"
"jsp.people.target","TARGET","CIBLE","OBJETIVO"
"jsp.people.yourTeams","Your Teams","Vos Équipes","Tus equipos"
"jsp.peopleFilter.assignmentStatus","Assignment Status","Statut de l'assignation","Estatus de la tarea"
"jsp.peopleFilter.caseAssociation","Case Association","Association concernant l'affaire","Asociación del caso"
"jsp.peopleFilter.team","Team","Équipe","Equipo"
"jsp.peopleProfile.aboutYourUserInfo","<b>About Your User Information</b><br/> This bio is visible to other Indaba users. All fields are optional. You must decide how much information you want to share with your colleagues. If you are working anonymously, do not submit any real information here!<br/><br/> Note to authors: The name you enter here will your exact byline for any work published with Indaba. You must use your pen name here if you are using one for your byline.<br/><br/> Indaba displays this bio information in two formats, depending on your role in the project. There is a LIMITED bio, and a FULL bio. Each project's managers can control who can see which version, or can prevent users from seeing anything at all (a blind review, for example). Indaba administrators will also have access to additional SYSTEM INFORMATION about you, including your email address. <br/><br/> <b>Limited Bio (for the public):</b>","<b> Concernant vos informations d'utilisateur, </b><br/> Cette biographie peut être consultée par d'autres utilisateurs d'Indaba. Toutes les zones ou champs sont optionnels. La décision de partager vos informations avec vos collègues n'appartient qu'à vous. Si vous travaillez dans l'anonymat, ne transmttez pas d'informations sur ce site <br/><br/> ! Conseil donné aux auteurs: Le nom indiqué par vous portera votre signature pour tous vos travaux publiés à travers Indaba. Faites usage de votre nom de plume our toutes vos publications <br/><br/> si vous en avez créé un. Indaba affiche cette biographie en deux formats selon le rôle que vous jouez au coeur du projet. ","<b>Acerca de tu información de usuario</b><br/> Esta bio estará disponible a otros usuarios de Indaba. Todos los campos son opcionales. Tú debes decidir cuánta información compartes con tus colegas. ¡Si trabajas anónimamente, no ingreses información real!<br/><br/> Nota para los autores: el nombre que ingresen aquí será el que se publique en todos sus trabajos en Indaba. Deberán utilizar su seudónimo aquí si lo utilizan para firmar sus trabajos.<br/><br/> Indaba despliega esta información en dos formatos, dependiendo de tu rol en el proyecto. Hay una biografía LIMITADA  y una biografía COMPLETA. Cada administrador de proyecto puede control qué versión ve cada quien, o puede evitar restringir completamente el acceso a estos datos a un usuario (una revisión a ciegas, por ejemplo). Los administradores de Indaba también tienen acceso a INFORMACIÓN DEL SISTEMA adicional sobre ti, incluyendo tu dirección de email. <br/><br/> <b>Biografía limitada (para el público):</b>

"
"jsp.peopleProfile.active","Active","Actif","Activo"
"jsp.peopleProfile.assignment","Assignments","Assignation de tâches","Asignaturas"
"jsp.peopleProfile.changIconTips","Click to change people icon","Cliquez pour changer l'icône de la personne ","Click para cambiar el icono de persona"
"jsp.peopleProfile.deleted","Deleted","Éffacé","Borrado"
"jsp.peopleProfile.email","Email","Courrier électronique","Correo electrónico"
"jsp.peopleProfile.forwardInboxMsg","Forward Inbox Message","Retransmettre message de la corbeille d'arrivée","Reenviar mensaje de bandeja de entrada"
"jsp.peopleProfile.fullBio","Full Bio","Biographie complète","Biografía completa"
"jsp.peopleProfile.fullBioE","Full Bio (for Indaba users)","Biographie complète (pour utilisateurs d'Indaba)","Biografía completa (para usuarios de Indaba)"
"jsp.peopleProfile.inactive","Inactive","Inactif","Inactivo"
"jsp.peopleProfile.language","Language","Langue","Idioma"
"jsp.peopleProfile.lastLoginTime","Last Login Time","Heure de la dernière ouverture de la session","Última hora de ingreso"
"jsp.peopleProfile.lastLogoutTime","Last Logout Time","Heure de la dernière clôture de la session ","Última hora de salida"
"jsp.peopleProfile.limitedBio","Limited Bio","Biographie resumée","Biografía abreviada"
"jsp.peopleProfile.mobilePhone","Mobile Phone","Téléphone portable","Teléfono móvil"
"jsp.peopleProfile.openCases","Open Cases","Ouverture de recherches sur des affaires","Casos abiertos"
"jsp.peopleProfile.pagetitle","Indaba Builder | People Profile","Numération d'Indaba  | Profiles des personnes","Generador Indaba | Perfil de la gente"
"jsp.peopleProfile.peopleIcon","people icon","Icône de la personne","icono de persona"
"jsp.peopleProfile.phone","Phone","Téléphone","Teléfono"
"jsp.peopleProfile.project","Project(s)","Projets","Proyecto(s)"
"jsp.peopleProfile.pwd.change","Change Password","Changez votre code d'accès","Cambiar contraseña"
"jsp.peopleProfile.pwd.cur","Current Password","Code d'accès actuel","Contraseña actual"
"jsp.peopleProfile.pwd.new","New Password","Nouveau code d'accès","Contraseña"
"jsp.peopleProfile.pwd.new.confirm","Confirm New Password","Confirmation du nouveau code d'accès","Confirmar nueva contraseña"
"jsp.peopleProfile.role","Role(s)","Rôle(s)","Rol(es)"
"jsp.peopleProfile.sendSitemail","Send A Sitemail","Envoyer au site de messagerie A","Enviar un mensaje interno."
"jsp.peopleProfile.sysEmail","System Email","Courrier électronique du système","E-mail del sistema"
"jsp.peopleProfile.sysInfo","System Information","Information sur le système","Información del sistema"
"jsp.peopleProfile.sysInfoE","System Information (for Indaba administrators)","Informations obtenues du système pour l'usage des administrateurs d'Indaba.","Información del sistema (para administradores de Indaba)"
"jsp.peopleProfile.sysTips","The system will also record statistics about how often you use Indaba and share this with system administrators.","Le système établira également des statistiques sur la fréquence d'usage d'Indaba et les administrateurs du système auront accès à cette information. ","El sistema también registrará información sobre la frecuencia de tu uso de Indaba y la compartirá con los administradores del sistema."
"jsp.peopleProfile.upload","Upload","Téléchargez","Subir"
"jsp.peopleProfile.user","User","Utilisateur ","Usuario"
"jsp.queueFilter.assignedStatus","Assigned Status",,"Estatus asignado"
"jsp.queueFilter.assignmentStatus","Assignment Status (mouse over here for explanation)","Statut de l'assignation","Estatus de la tarea"
"jsp.queueFilter.product","Product","Produit","Producto"
"jsp.queueFilter.target","Target","Cible","Objetivo"
"jsp.queueFilter.task","Task ",,"Tarea"
"jsp.queues.assignment","ASSIGNMENT","ASSIGNATION","TAREA"
"jsp.queues.assignTo","Assigned To","Assigné à","Asignado a"
"jsp.queues.avgTime.assign","Average time to assign","Durée moyenne pour obtenir une assignation ","Tiempo promedio de asignación "
"jsp.queues.avgTimeComplete","Average time to completion","Durée moyenne jusqu'à la terminaison ","Tiempo promedio de terminación"
"jsp.queues.claimThis","CLAIM THIS","APPROPRIATION DE CE TRAVAIL","RECLAMAR ESTO"
"jsp.queues.content","CONTENT","CONTENU","CONTENIDO"
"jsp.queues.days","days","jours","días"
"jsp.queues.high","High","Attente de longue durée","Alto"
"jsp.queues.inQueue","IN QUEUE","En attente","EN FILA"
"jsp.queues.iWantThis","I Want This","Je souhaiterais faire ce travail","Quiero esto"
"jsp.queues.low","Low","Attente de courte durée","Bajo"
"jsp.queues.medium","Medium","Attente de durée moyenne","Medio"
"jsp.queues.noAssign","Not Assigned","Non assigné","No asignado"
"jsp.queues.noQuenes","No queues available for you at this time","Pour le moment, pas de disponibilité pour vous dans la file d'attente","Ninguna fila para usted en este momento"
"jsp.queues.pagetitle","Indaba Builder | Queues","Système de numération d'Indaba | File d'attente","Generador Indaba | Filas"
"jsp.queues.returnToQueue","Return To Queue","Retour dans la file d'attente","Volver a la fila"
"jsp.queues.setAssignment","SET ASSIGNMENT","ÉTABLIR UNE ASSIGNATION","ESTABLECER TAREA"
"jsp.queues.setPriority","SET PRIORITY","ÉTABLIR UNE PRIORITÉ","ESTABLECER PRIORIDAD"
"jsp.queues.update.assign","Update Assignment","Mise à jour de l'assignation ","Actualización de asignación"
"jsp.replyMessage.forwardMessage","Forward Message",,"Mensaje reenviado"
"jsp.replyMessage.pagetitle","Indaba Builder | Reply Message","Numération d'Indaba  | Message de réponse","Generador Indaba | Respuesta"
"jsp.replyMessage.prjUpdate","Send to Project Updates","Envoyer aux mises à jour du projet","Enviar a actualización de proyectos"
"jsp.replyMessage.replyMessage","Reply Message","Message de réponse","Responder mensaje"
"jsp.ruleManager.pagetitle","Indaba Builder | Rule Manager","Numération d'Indaba  | Directeur de règlementation","Generador Indaba | Administrador de reglas"
"jsp.ruleManager.path","Path","Voie d'accès","Ruta"
"jsp.ruleManager.ruleComponents","RULE COMPONENTS","ÉLÉMENTS DU RÈGLEMENT","COMPONENTES DE REGLAS"
"jsp.ruleManager.ruleFiles","RULE FILES","FICHIER CONCERNANT LES RÈGLEMENTS","ARCHIVOS DE REGLAS"
"jsp.scorecardDisplay.pagetitle","Indaba Builder | Scorecard","Numération d'Indaba  | Outil de révision d'un sondage faisant partie du système","Generador Indaba | Tabla de marcadores"
"jsp.scorecardIndicatorSearch.tags","INDICATOR TAGS","ÉTIQUETTES D'INDICATEUR","ETIQUETAS INDICADORAS"
"jsp.scorecardNav.indicatorTags","Indicator Tags","Étiquettes d'indicateur ","Etiquetas indicadoras"
"jsp.scorecardNav.nav","Scorecard Indicator Navigator","Navigateur pour indicateur d'outil de révision de sondage","Navegador guía para tarjeta de puntuación"
"jsp.scorecardNav.questionList","Survey Review Question List","Liste de questions servant à la révision de sondage","Lista de preguntas de revisión de encuesta"
"jsp.scorecardNav.readOnly","(Read Only View)","(Visualisation à lecture seulement)","(Modo sólo de lectura)"
"jsp.scorecardNav.sendQuestions","Send Questions",,"Enviar preguntas"
"jsp.scorecardNav.submitQuestion","Submit Questions","Présentation de questions","Enviar preguntas"
"jsp.scorecardPRDisagree.list","Survey Review Disagreement List","Liste de conflits d'opinion concernant la révision du sondage","Lista de desacuerdos de revisión de encuesta"
"jsp.sidebar.h3","Targets","Cibles","Objetivos"
"jsp.sidebar.loadanswer","loading answer...","Téléchargement de la réponse","cargando respuesta…"
"jsp.sourceWidgetText.sourcedesc","Identify and describe name(s) and section(s) of the applicable law(s), statute(s), regulation(s), constitutional provision(s). Provide a web link to the source(s) if available.","Identifiez et décrivez le ou les noms et sections de la loi ( des lois) applicables, des statuts, des règlements et des dispositions inscrites dans la constitution. Fournir un lien de la Web pour avoir accès aux sources d'informations, le cas échéant.","Identifica y describe el (los) nombre(s) y secciones de la(s) ley(es) aplicable(s), estatuto(s), regulación(es), disposiciones constitucionales. Proporciona un enlace a la(s) fuente(s) si está disponible."
"jsp.sourceWMChoice.sources.acadamic","Acadamic, ...","Rapport académique, …","Académico…"
"jsp.sourceWMChoice.sources.civilSociety","Interviews with civil society","Entretiens auprés de la société civile","Entrevistas con la sociedad civil"
"jsp.sourceWMChoice.sources.desc","Identify two or more of the following sources to support your score.","Identifier deux ou plusieurs parmi les sources énoncées ci-dessous pour soutenir votre opinion sur le sondage","Identifique dos o más de las siguientes fuentes para apoyar su puntuación."
"jsp.sourceWMChoice.sources.govOfficial","Interviews with government officials","Entretiens avec des fonctionnaires du gouvernement ","Entrevistas con funcionarios del gobierno"
"jsp.sourceWMChoice.sources.govStudy","Government studies","Études réalisées par le gouvernement","Estudios del gobierno"
"jsp.sourceWMChoice.sources.interAcadamic","Interviews with acadamics","Entretiens avec des universitaires","Entrevistas con académicos"
"jsp.sourceWMChoice.sources.journal","Interviews with journalists","Entretiens avec des journalistes","Entrevistas con periodistas"
"jsp.sourceWMChoice.sources.organic","International organization studies","Études réalisées par des organisations internationales","Estudios de organizaciones internacionales"
"jsp.sourceWMChoice.sources.report","Media Reports (...)","Rapports des media (…)","Reportes de los medios (…)"
"jsp.surveryAnsBar.add.question","Add to Question List","Ajoutez une question à la liste","Agregar a la lista de preguntas"
"jsp.surveryAnsBar.question.list","Question List","Liste de questions ","Lista de preguntas"
"jsp.surveryAnsDisp.answerFrom","Answer from","Réponse de la part de","Respuesta de"
"jsp.surveryAnsDisp.pagetitle","Indaba Builder | Scorecard Answer View","Numération d'Indaba  | Visualisation des réponses au moyen de l'outil de évision du sondage ","Generador Indaba | Vista de respuesta de tarjeta de puntuación"
"jsp.surveryAnsOrig.pagetitle","Indaba Builder | Survey Answer Original","Réponse initiale du sondage","Generador Indaba | Respuesta de la encuesta original"
"jsp.surveryAnsOrig.taskName","Task Name","Nom de la tâche","Nombre de la tarea"
"jsp.surveryAnsPR.agree","Do you agree?","Êtes-vous d'accord ?","¿Estás de acuerdo?"
"jsp.surveryAnsPR.opinion.1","Yes, I agree with the score and have no comments to add.","Oui, je suis d'accord avec l'outil d'évaluation et je n'ai pas de commentaires à ajouter","SÍ, estoy de acuerdo con el marcador y no tengo comentarios que agregar."
"jsp.surveryAnsPR.opinion1.desc","Please avoid the use of ""see previous comment"" or ""see comment to indicator X"". <br/> <b>Reviewer's Comments:(required)</b><br/> <font color=""red""><b>DO NOT</b></font> enter scoring change or private comments to project managers here, just rationale and background. These comments <font color=""red""><b>will be published</b></font> by default.","Veuillez éviter l'usage de l'expression ""se reporter au commentaire antérieur"" ou "" voir commentaire concernant l'indicateur X"". </p> <p> <b> Commentaires de la personne qui révise  le travail:(obligatoire)</b><br/><font color=""red""><b>NE PAS CHANGER </b></font> introduire le changement de qualification ","Por favor, evita el uso de ""ver el comentario previo"" o ""ver el comentario para el indicador X"". <br/> <b>Comentarios del revisor:(requerido)</b><br/> <font color=""red""><b>DO NOT</b></font> ingresa aquí cambios en la puntuación o comentarios privados para los administradores de proyecto, sólo fundamentos y contexto. Estos comentarios <font color=""red""><b>serán published</b></font> por defecto."
"jsp.surveryAnsPR.opinion2.desc","Please provide your suggested scoring change as well as comments supporting your change (supporting comments are required). These comments will be published in our final report. Avoid the use of ""see previous comment"" or ""see comment to indicator X."" If you wish to send staff other feedback about this indicator that you do NOT want to be published, please use the separate Comments box below to submit that feedback.","Veuillez indiquer les raisons de votre changement de qualification ainsi que les commentaires qui le justifient ( ces justifications sont obligatoires). Evitez l'usage de l'expression ""se reproter au commentaire antérieur"" ou "" voir commentaire su sujet de l'indicateur X"". Si vous envoyez au personnel un autre retour d'information concernant cet indicateur et ne souhaitez PAS qu'il soit publié, utilisez une case de commentaires séparée en dessous prévue pour envoyer ce retour d'information.","Por favor ingresa  tu propuesta de cambio de puntuación, así como comentarios que sustenten la modificación (los argumentos son obligatorios). Estos comentarios serán publicados en nuestro reporte final. Evita el uso de “ver comentario previo” o “ver comentario den el indicador X”. Si deseas enviar al personal retroalimentación sobre este indicador y NO deseas que sea publicada, por favor utiliza la caja de comentarios separados que se encuentra a continuación."
"jsp.surveryAnsPR.opinions","Your Opinions","Votre opinion","Tus opiniones"
"jsp.surveryAnsPRDisp.opinion","OPINION","OPINION","OPINION"
"jsp.surveryAnsPRDisp.opinion.1","YES, I agree with the score and have no comments to add.","Oui, je suis d'accord avec l'outil d'évaluation et je n'ai pas de commentaires à ajouter","SÍ, estoy de acuerdo con el marcador y no tengo comentarios que agregar."
"jsp.surveryAnsPRDisp.opinion1.desc","<p>Please avoid the use of ""see previous comment"" or ""see comment to indicator X"".</p> <p> <b>Reviewer's Comments:(required)</b><br/> <font color=""red""><b>DO NOT</b></font> enter scoring change or private comments to project managers here, just rationale and background. These comments <font color=""red""><b>will be published</b></font> by default. </p>","Veuillez éviter l'usage de l'expression ""se reporter au commentaire antérieur"" ou "" voir commentaire concernant l'indicateur X"". </p> <p> <b> Commentaires de la personne qui révise  le travail:(obligatoire)</b><br/><font color=""red""><b>NE PAS CHANGER </b></font> introduire le changement de qualification ","Por favor, evita el uso de ""ver el comentario previo"" o ""ver el comentario para el indicador X"". <br/> <b>Comentarios del revisor:(requerido)</b><br/> <font color=""red""><b>DO NOT</b></font> ingresa aquí cambios en la puntuación o comentarios privados para los administradores de proyecto, sólo razones y contexto. Estos comentarios <font color=""red""><b>serán published</b></font> por defecto."
"jsp.surveryAnsPRDisp.opinion2.desc","Please provide your suggested scoring change as well as comments supporting your change (supporting comments are required). These comments will be published in our final report. Avoid the use of ""see previous comment"" or ""see comment to indicator X."" If you wish to send staff other feedback about this indicator that you do NOT want to be published, please use the separate Comments box below to submit that feedback.","<p>Veuillez introduire le changement de votre qualification ainsi que les commentaires qui justifient votre changement . Indiquez seulement qualifications OUI/NON (pour les indicateur du cadre juridique) et  les qualifications 0, 25, 50, 75, ou 100  pour les indicateurs de ""pratiques habituelles"". Ne mentionnez pas le changement de qualifications que vous avez suggéré dans la Case de Commentaires ( nous visualiserons votre changement de qualifications dans la case de Changement de Qualification). Évitez l'usage de l'expression "" se reporter au commentaire antérieur"" ou ""voir commentaire concernant l'indicateur X"". </p> <p> <b>Commentaires de la personne qui révise:(obligatoire)</b><br/> Ces commentaires <font color=""red""><b> seront publiés </b></font> par défaut. </p> À ce stade, n'introduisez pas de commentaires personnels destinés au directeur de projets, présentez uniquement les raisons et les antécédents de votre exposé. </p>","<p>Por favor ingresa tu propuesta de cambio de puntuación, así como argumentos para sustentar dicho cambio. Sólo se permiten puntuaciones SÍ/NO (para indicadores ""en ley"") y puntuaciones de 0, 25, 50, 75, o 100 (para indicadores ""en práctica""). No necesitas mencionar el cambio de puntuación en la caja de Comentarios (nosotros lo veremos en la caja de Sugerencias de cambio de puntuación); por favor utiliza la caja de Comentarios sólo para ingresar el comentario que apoye tu propuesta de cambio de puntuación. Evita el uso de ""ver el comentario previo"" o ""ver el comentario para el indicador X"". </p> <p> <b>Comentarios del revisor (obligatorios) </b><br/> <font color=""red""><b>DO NOT</b></font> ingresa aquí cambios en la puntuación o comentarios privados para los administradores de proyecto, sólo razones y contexto. Estos comentarios <font color=""red""><b>serán publicados </b></font> por defecto. </p>"
"jsp.surveyAnswer.title","Indaba Builder | Survey Answer","Système de numération d'Indaba | Réponse du sondage","Generador Indaba | Respuesta de la encuesta"
"jsp.surveyOverallRev.pagetitle","Indaba Builder | Survey Overall Review","Système Indaba  | Révision générale du sondage ","Generador Indaba | Revisión general de la encuesta"
"jsp.userfinder.add.caseSubject","Case Subject","Thème de l'affaire","Asunto del caso"
"jsp.userfinder.add.error","ERROR","ÉRREUR","ERROR"
"jsp.userfinder.add.roleChoose","Choose Role ...","Sélectionner un rôle…","Elegir rol…"
"jsp.userfinder.add.userChoose","Choose Assigned User ...","Sélectionner un utilisateur assigné","Elegir usuario asignado"
"jsp.userfinder.noData","No User Trigger Defined.","Aucune indication d' utilisateur du déclencheur ","No hay un activador de usuario definido."
"jsp.userfinder.pagetitle","Indaba User Finder Trigger","Déclencheur du système de recherche des utilisateurs d'Indaba","Activador de búsqueda de usuarios Indaba"
"jsp.userfinder.viewList","View User Tirgger List","Visualiser la liste des utilisateurs du déclencheur","Ver la lista de activación de usuarios"
"jsp.widget1.dt","Please choose your language","Veuillez choisir votre langue","Por favor selecciona tu idioma"
"jsp.widget1.pagetitle","Indaba Builder | Widget #1","Système d'Indaba | widget #1","Generador Indaba | Widget #1"
"jsp.widget2.chocolate","Chocolate","Chocolat","Chocolate"
"jsp.widget2.chooseflavor","Choose your favorite ice cream flavor","Sélectionnez votre parfum favori de glace","Selecciona tu sabor de helado favorito"
"jsp.widget2.entername","Enter your name","Introduisez votre nom","Ingrese su nombre"
"jsp.widget2.strawberry","Strawberry","Fraise","Fresa"
"jsp.widget2.title","Indaba Builder | Widget #2","Système d'Indaba | widget #2","Generador Indaba | Widget #2"
"jsp.widget2.vanilla","Vanilla","Vanille","Vainilla"
"jsp.widget3.clicklinks","click links below","Cliquez sur les liens ci-dessous","haz click en los siguientes enlaces "
"jsp.widget3.gotojournal","Go to journal 4","Ouvrez le journal 4",
"jsp.widget3.pagetitle","Indaba Builder | Widget #3","Système d'Indaba | widget #3","Generador Indaba | Widget #3"
"jsp.workflowConsole.goals","Workflows / Goals / Tasks","Déoulement du travail / buts à atteindre / tâches","Flujos de trabajo / Metas / Tareas"
"jsp.workflowConsole.goals.sequence","SEQUENCE","SÉQUENCE","SECUENCIA"
"jsp.workflowConsole.goals.target","WORKFLOW - TARGET / OBJECT","DÉROULEMENT DU TRAVAIL / CIBLE / OBJET","FLUJO DE TRABAJO - OBJETIVO / PROPÓSITO"
"jsp.workflowConsole.goals.task","TASK","TÂCHE","TAREA"
"jsp.workflowConsole.goals.user","USER","UTILISATEUR","USUARIO"
"jsp.workflowConsole.pagetitle","Indaba Builder | Workflow Console","Système de numération d'Indaba | Console de rythme de travail ","Generador Indaba | Consola de flujo de trabajo"
"jsp.workflowConsole.workflowObjects","Workflow Objects","Objets servant au déroulement du travail","Propósitos del flujo de trabajo"
"jsp.workflowConsole.workflowObjects.object","WORKFLOW - OBJECT","DÉROULEMENT DU TRAVAIL - OBJET","FLUJO DE TRABAJO - PROPÓSITO"
"jsp.workflowConsole.workflowObjects.startTime","START TIME","HEURE D'INITIALISATION DU TRAVAIL","HORA DE INICIO"
"jsp.workflowConsole.workflowObjects.target","WORKFLOW - TARGET","Cible pour le déroulement du travail ","FLUJO DE TRABAJO - OBJETIVO"
"jsp.workflowConsole.workflows","Workflows","Déroulement du travail","Flujos de trabajo"
"jsp.workflowConsole.workflows.createdAt","CREATED AT","CRÉÉ À","CREADO EN"
"jsp.workflowConsole.workflows.createdBy","CREATED BY","CRÉÉ PAR","CREADO POR"
"jsp.workflowConsole.workflows.description","DESCRIPTION","DESCRIPTION","DESCRIPCIÓN"
"jsp.workflowConsole.workflows.duration","DURATION","DURÉE","DURACIÓN"
"jsp.workflowConsole.workflows.id","ID","IDENTITÉ","ID"
"jsp.workflowConsole.workflows.runAll","Run All","Exécuter tout","Ejecutar todo"
"jsp.yourcontent.adminAnnounce","Administrator Announcement","Déclaration de l'administrateur","Aviso del administrador"
"jsp.yourcontent.bar.assignments","Your Assignments","Vos assignations","Tus tareas"
"jsp.yourcontent.deadline","New Deadline (YYYY-MM-DD)","Nouveau délai ( YYYY-MM-DD )","Nueva fecha límite (AAAA-MM-DD)"
"jsp.yourcontent.pagetitle","Indaba Builder | Your Content","Système Indaba  | Votre contenu","Generador Indaba | Tu contenido"
"jsp.yourcontent.sponsors","Sponsors","Sponsors","Patrocinadores"
"common.js.alert.remove.question","Are you sure to remove this from the Question List?",,"¿Está seguro de querer remover esta pregunta de la lista?"
"common.js.alert.add.all.questions","Are you sure to add all questions in the scorecard to the Question List?",,"¿Está seguro de querer agregar todas las preguntas en la tabla de resultados a la Lista de Preguntas? "
"common.js.alert.add.tagged.questions","Are you sure to add the tagged questions to the Question List?",,"¿Está seguro de querer agregar las preguntas etiquetadas a la Lista de Preguntas? "
"common.msg.setdeadlinefor","Set deadline for ",,"Fecha límite "
"common.js.alert.deleteassignment","Are you sure to delete this assignment?",,"¿Está seguro de querer borrar esta tarea?"
"jsp.queueFilter.assignmentStatusExp","Meanings of status:
OVER – the task can no longer be worked on: either it is completed or the gaol has passed
STARTING – the task is about to be started and is waiting for a user to be assigned immediately;
INFLIGHT – the task is being worked on
INACTIVE – the task has not been activated",,"Significados de status:

FINALIZADO – Ya no se puede trabajar en el proyecto. Se ha completado o el objetivo se ha alcanzado.
INICIANDO – El proyecto está a punto de comenzar y se espera la asignación de un usuario inmediatamente.
EN TRAYECTO – Se está trabajando en el proyecto
INACTIVO – El proyecto no ha sido activado. "
"common.label.content","Content",,
"common.label.scores","Scores",,
"common.label.sources","Sources/Citations",,
"common.label.comments","Comments/Notes",,
"common.label.attachments","Attachments",,
"common.label.opinions","Opinions",,
"common.label.inactive","Inactive","Non Activé","Inactivo"
"common.label.queue_action","Please Choose Action",,"Por favor escoja la acción"
"jsp.msg.show.starting.tasks","Manage tasks about to start and waiting for IMMEDIATE user assignment",,"Administrar las tareas a punto de empezar y esperando por asignación inmediata de usuario"
"jsp.msg.show.all.tasks","Manage all tasks",,"Administrar todas las tareas"
"common.js.priority.low","Low","Attente de courte durée","Bajo"
"common.js.priority.medium","Medium","Attente de durée moyenne","Medio"
"common.js.priority.high","High","Attente de longue durée","Alto"
"common.js.questions.sent","Questions sent to {0}",,"Enviado {0}"
"common.msg.contentVersion","Content Version:",,"Versión del Contenido: "
"jsp.tool.purpose.common","By clicking on this button, you will not be able to edit your information again unless a) someone sends you questions about it through Indaba or b) you have special rights to edit your content at any time (your project manager can confirm this).",,"Usted no podrá editar su información de nuevo luego de pulsar este botón a menos que: a) Alguien le envíe preguntas a través de Indaba o b) Usted tenga privilegios especiales para editar su contenido en cualquier momento (el gerente del proyecto puede confirmarle si usted tiene dichos privilegios). "
"jsp.tool.inactive.survey.create","You must enter and save all questions in order to complete the assignment. If you are not supposed to fill out your score choices, please contact your Project Manager.",,"Usted debe ingresar y salvar todas las preguntas para poder completar la asignación. Si usted no debe llenar las respuestas, por favor contacte a su gerente de proyecto. "
"jsp.tool.inactive.survey.edit","You must edit and Save each question first before being able to complete your assignment.",,"Usted debe editar y guardar cada pregunta para poder terminar su asignación. "
"jsp.tool.inactive.survey.review","You have not reviewed all questions; you must review all questions in
order to complete the assignment. If you are not supposed to fill out
your score choices, please contact your Project Manager.",,"Usted no ha revisado todas las preguntas; usted debe revisarlas todas para completar la asignación. Si usted no debe llenar las respuestas, por favor contacte a su gerente de proyecto. "
"common.err.already_exists_ta","The selected user has been assigned to this task already. Please choose a different user.",,
"common.err.nopermission_update_queue","You have no permission to update this queue.",,
"jsp.table.err.invalid.value","Invalid value at cell [row={0}, column={1}].",,
"jsp.table.err.value.out.of.bound","Value at cell [row={0}, column={1}] is out of bound. It must be between {2} and {3}.",,
"jsp.table.err.text.not.enough.data","Text at cell [row={0}, column={1}] does not have enough data. It must have at least {2} characters.",,
"jsp.table.err.text.too.much.data","Text at cell [row={0}, column={1}] has too much data. It must have no more than {2} characters.",,
,,,
"comm.panel.msg.invalid.project","The project is invalid.",,
"comm.panel.msg.user.not.in.project","You are not a member of the project.",,
"comm.panel.msg.bad.noteobj","Invalid note object.",,
"comm.panel.msg.bad.language","Unsupported language.",,
"comm.panel.msg.note.removed","This note has been removed. Please contact your Project Admin if you have questions.",,
"comm.panel.msg.note.disabled","This note has been disabled. Please contact your Project Admin if you have questions.",,
"comm.panel.msg.group.removed","This group has been removed. Please contact your Project Admin if you have questions.",,
"comm.panel.msg.group.disabled","This group has been disabled. Please contact your Project Admin if you have questions.",,
"comm.panel.msg.flag.standing","Your operation cannot be completed because there is already an active flag in the group.",,
"comm.panel.msg.bad.flag","The flag does not exist.",,
"comm.panel.msg.bad.assigned.user","The assigned user does not exist.",,
"comm.panel.msg.flag.already.unset","The flag has already been resolved by the user who raised the flag.",,
"comm.panel.msg.wrong.flag.group","The flag does not belong to this group.",,
"comm.panel.msg.no.active.goal","New flag cannot be set since the work of this scorecard has been completed.",,
"comm.panel.msg.horse.completed","New flag cannot be set since the work of this scorecard has been completed.",,
"comm.panel.msg.flag.no.longer.active","There is no standing flag in this group. This might be because it has been resolved by the  user who set the flag.",,
"comm.panel.msg.flag.reassigned","This flag has been reassigned to others. Your comment is recorded.",,
"comm.panel.msg.already.responded","You already responded to this flag. Your comment is recorded.",,
"comm.panel.msg.no.group.access","You no longer have no access to this group.",,
"common.title.load.discussion","Click to load discussion",,
"common.title.load.private.discussion","Click to load private discussion",,
"common.title.load.reviews","Click to load reviews",,
"common.err.cant_submit_ta.flags_assigned","There are unresolved flags for this task. You may have new or missed flags - or your responses are still under review. Please check on your flag Assignments for this task before submitting again.",,
"common.err.cant_submit_ta.flags_raised","There are unresolved flags for this task. Please resolve all flags before submitting again.",,
"common.btn.analytics","Analytics",,
